City_ID,City,Lat,Lng,Max Temp,Humidity,Cloudiness,Wind Speed,Country,Date
0,port-aux-francais,-49.35,70.2167,278.66,96,98,9.26,TF,1686679480
1,constantia,44.1833,28.65,293.54,76,67,5.17,RO,1686679211
2,becerril,9.7041,-73.2793,307.07,54,81,2.41,CO,1686679481
3,tuburan,6.6439,122.2736,299.48,87,100,1.36,PH,1686679481
4,arkhangel'sk,64.5401,40.5433,285.56,92,94,2.78,RU,1686679481
5,bethel,41.3712,-73.414,297.27,73,100,3.09,US,1686679482
6,grytviken,-54.2811,-36.5092,267.74,81,42,5.02,GS,1686679482
7,ust-nera,64.5667,143.2,281.53,40,98,2.56,RU,1686679483
8,avarua,-21.2078,-159.775,296.18,83,20,4.12,CK,1686679483
9,wailua homesteads,22.0669,-159.378,298.39,91,100,4.12,US,1686679483
10,ketchikan,55.3422,-131.6461,285.14,57,5,6.1,US,1686679484
11,serowe,-22.3833,26.7167,285.63,31,0,2.17,BW,1686679484
12,waiuku,-37.25,174.75,284.63,66,5,1.2,NZ,1686679484
13,edinburgh of the seven seas,-37.0676,-12.3116,288.48,97,100,6.04,SH,1686679381
14,albany,42.6001,-73.9662,295.88,63,94,0.89,US,1686679485
15,la gi,10.6667,107.7833,299.73,88,95,3.52,VN,1686679486
16,praia da vitoria,38.7333,-27.0667,293.9,76,87,4.66,PT,1686679486
17,west island,-12.1568,96.8225,300.14,83,40,8.12,CC,1686679486
18,sao vicente,-23.9631,-46.3919,295.25,26,100,0.89,BR,1686679487
19,gandi,12.9636,5.7434,309.3,31,33,3.78,NG,1686679487
20,taroudant,30.4703,-8.877,298.18,53,2,7.68,MA,1686679488
21,waitangi,-43.9535,-176.5597,283.61,87,98,4.02,NZ,1686679488
22,port alfred,-33.5906,26.891,290.47,60,95,1.79,ZA,1686679217
23,miri,4.4148,114.0089,299.37,86,98,1.72,MY,1686679489
24,tazovsky,67.4667,78.7,275.99,59,23,3.15,RU,1686679313
25,puerto natales,-51.7236,-72.4875,276.94,78,100,0.87,CL,1686679250
26,petropavlovsk-kamchatsky,53.0452,158.6483,284.12,75,18,4.34,RU,1686679280
27,fortuna,40.5982,-124.1573,286.85,92,100,0.0,US,1686679490
28,longyearbyen,78.2186,15.6401,275.06,87,75,8.23,SJ,1686679212
29,blackmans bay,-43.0167,147.3167,280.22,91,87,1.85,AU,1686679491
30,bredasdorp,-34.5322,20.0403,288.52,71,82,10.48,ZA,1686679264
31,ilulissat,69.2167,-51.1,276.16,75,75,2.06,GL,1686679491
32,puerto ayora,-0.7393,-90.3518,303.13,96,85,4.02,EC,1686679492
33,hamilton,39.1834,-84.5333,296.33,54,76,1.79,US,1686679282
34,nova sintra,14.8667,-24.7167,294.99,80,16,6.32,CV,1686679492
35,georgetown,5.4112,100.3354,303.12,79,20,0.0,MY,1686679270
36,pangody,65.85,74.4859,280.59,69,81,3.66,RU,1686679493
37,ebon,4.582,168.6964,301.36,79,68,5.77,MH,1686679493
38,invercargill,-46.4,168.35,278.14,91,56,2.38,NZ,1686679494
39,cabo san lucas,22.8909,-109.9124,305.96,58,0,2.06,MX,1686679494
40,iqaluit,63.7506,-68.5145,277.98,56,100,2.68,CA,1686679495
41,anadyr,64.75,177.4833,277.43,100,100,10.0,RU,1686679495
42,joshimath,30.5667,79.5667,293.28,73,90,0.49,IN,1686679320
43,bundaberg,-24.85,152.35,288.83,99,33,0.89,AU,1686679496
44,le port,-20.9373,55.2919,296.15,91,3,3.01,RE,1686679496
45,dakhla,23.6848,-15.958,295.63,82,1,8.92,EH,1686679390
46,isafjordur,66.0755,-23.124,289.17,41,20,5.14,IS,1686679497
47,castillos,-34.1667,-53.8333,286.76,49,12,3.41,UY,1686679497
48,enewetak,11.3474,162.3373,300.77,81,93,8.25,MH,1686679497
49,ribeira grande,38.5167,-28.7,293.58,94,40,5.36,PT,1686679499
50,changping,40.2186,116.2197,295.95,44,46,1.22,CN,1686679500
51,ingeniero jacobacci,-41.3427,-69.5448,280.3,38,72,1.38,AR,1686679500
52,santa cruz,-17.8,-63.1667,285.52,51,100,6.55,BO,1686679230
53,darnah,32.767,22.6367,295.08,85,35,6.26,LY,1686679501
54,ushuaia,-54.8,-68.3,275.75,82,32,2.23,AR,1686679253
55,rio grande,-32.035,-52.0986,286.89,61,100,4.14,BR,1686679352
56,guerrero negro,27.9769,-114.0611,293.44,65,30,8.35,MX,1686679445
57,hotan,37.0997,79.9269,302.16,13,59,2.28,CN,1686679502
58,karratha,-20.7377,116.8463,293.9,43,51,3.31,AU,1686679502
59,geraldton,-28.7667,114.6,282.38,87,3,5.14,AU,1686679503
60,vorgashor,67.5833,63.95,283.04,92,89,5.87,RU,1686679503
61,hawaiian paradise park,19.5933,-154.9731,297.88,93,20,3.09,US,1686679504
62,yellowknife,62.456,-114.3525,286.47,58,69,5.84,CA,1686679219
63,luderitz,-26.6481,15.1594,286.92,77,0,6.65,NA,1686679277
64,iskateley,67.6803,53.1512,281.95,63,99,5.79,RU,1686679505
65,adamstown,-25.066,-130.1015,294.08,62,0,1.46,PN,1686679505
66,port douglas,-16.4833,145.4667,294.46,86,41,1.99,AU,1686679505
67,susuman,62.7833,148.1667,276.43,86,100,1.49,RU,1686679506
68,talnakh,69.4865,88.3972,277.74,83,100,2.55,RU,1686679370
69,brisas de zicatela,15.8369,-97.0419,306.44,58,75,3.6,MX,1686679506
70,napier,-39.4833,176.9167,280.53,81,77,1.79,NZ,1686679349
71,gebeit,21.0667,36.3167,306.1,19,11,2.8,SD,1686679507
72,chonchi,-42.6128,-73.8092,281.55,79,100,0.5,CL,1686679420
73,howrah,22.5892,88.3103,304.15,84,40,4.12,IN,1686679508
74,faya-largeau,17.9257,19.1043,311.89,20,0,3.44,TD,1686679508
75,ordubad,38.9059,46.0234,295.53,72,48,0.76,AZ,1686679330
76,klyuchi,52.2667,79.1667,283.91,86,91,3.71,RU,1686679509
77,saudarkrokur,65.7461,-19.6394,288.43,48,40,1.0,IS,1686679509
78,tiksi,71.6872,128.8694,273.34,95,100,1.84,RU,1686679509
79,keflavik,64.0049,-22.5624,284.39,62,20,4.12,IS,1686679510
80,northam,51.0333,-4.2167,291.29,79,3,2.5,GB,1686679388
81,oriximina,-1.7656,-55.8661,305.57,53,38,2.8,BR,1686679511
82,college,64.8569,-147.8028,286.12,61,40,2.57,US,1686679511
83,limbazi,57.5129,24.7194,290.64,62,10,1.55,LV,1686679512
84,punta arenas,-53.15,-70.9167,278.21,75,75,5.14,CL,1686679512
85,hornell,42.3279,-77.6611,295.03,45,4,2.24,US,1686679512
86,port lincoln,-34.7333,135.8667,285.45,75,66,3.65,AU,1686679513
87,shaowu,27.3409,117.4831,295.17,96,100,1.51,CN,1686679513
88,ciudad lazaro cardenas,17.9583,-102.2,304.39,57,8,4.19,MX,1686679345
89,mar del plata,-38.0023,-57.5575,287.01,40,0,6.69,AR,1686679415
90,bakanas,44.8081,76.2772,297.64,31,92,2.43,KZ,1686679514
91,parintins,-2.6283,-56.7358,304.28,58,44,1.26,BR,1686679514
92,ulladulla,-35.35,150.4667,284.09,64,6,4.18,AU,1686679515
93,kavaratti,10.5669,72.642,302.57,75,90,8.69,IN,1686679515
94,bubaque,11.2833,-15.8333,301.17,77,100,5.4,GW,1686679515
95,olinda,-8.0089,-34.8553,301.0,69,40,6.17,BR,1686679289
96,sokoni,-6.4333,39.55,299.39,67,1,5.22,TZ,1686679516
97,siverskiy,59.3544,30.0783,289.49,54,11,1.46,RU,1686679325
98,caxito,-8.5785,13.6643,294.7,88,14,3.17,AO,1686679517
99,gazli,40.1333,63.45,306.36,12,0,2.97,UZ,1686679517
100,pisco,-13.7,-76.2167,295.18,68,30,4.63,PE,1686679518
101,holualoa,19.6228,-155.9522,299.06,77,0,5.14,US,1686679518
102,bilibino,68.0546,166.4372,272.28,77,82,8.03,RU,1686679519
103,jajpur,20.85,86.3333,306.93,46,67,5.94,IN,1686679519
104,sulak,43.2734,47.5146,295.68,75,89,5.14,RU,1686679519
105,coquimbo,-29.9533,-71.3436,286.0,71,0,5.66,CL,1686679520
106,bamyan,34.75,67.25,285.76,54,5,2.43,AF,1686679520
107,bahir dar,11.5936,37.3908,292.04,79,85,2.12,ET,1686679356
108,harnai,30.1005,67.9374,305.54,34,4,4.02,PK,1686679521
109,yuzhno-kurilsk,44.0306,145.8556,283.42,99,100,2.67,RU,1686679521
110,ribeira brava,32.65,-17.0667,296.32,80,87,1.13,PT,1686679420
111,senillosa,-39.0,-68.4167,285.47,20,85,1.26,AR,1686679522
112,sorong,-0.8833,131.25,298.8,89,83,3.7,ID,1686679522
113,namsos,64.4662,11.4957,288.1,67,9,2.57,NO,1686679523
114,lihue,21.9789,-159.3672,298.73,91,100,4.12,US,1686679523
115,sinnar,13.5691,33.5672,303.45,43,92,3.39,SD,1686679523
116,thunder bay,48.4001,-89.3168,296.64,35,91,4.06,CA,1686679524
117,papatowai,-46.5619,169.4708,280.54,84,68,1.89,NZ,1686679524
118,port elizabeth,-33.918,25.5701,291.54,63,100,3.58,ZA,1686679508
119,sao jose da coroa grande,-8.8978,-35.1478,300.28,73,6,4.23,BR,1686679525
120,stavern,59.0,10.0333,296.53,71,48,4.54,NO,1686679236
121,valparaiso,-33.0393,-71.6273,287.28,67,0,3.6,CL,1686679526
122,steinbach,50.1667,8.5667,299.65,28,0,5.14,DE,1686679467
123,manokwari,-0.8667,134.0833,298.67,85,82,2.03,ID,1686679527
124,nova vicosa,-17.8919,-39.3719,299.73,67,5,5.08,BR,1686679527
125,qamdo,31.1667,97.2333,273.92,96,100,0.85,CN,1686679528
126,stanley,54.868,-1.6985,294.66,66,0,4.12,GB,1686679528
127,indramayu,-6.3264,108.32,299.48,82,88,4.01,ID,1686679301
128,celestun,20.8667,-90.4,306.71,59,0,4.18,MX,1686679529
129,mugia,43.1041,-9.2179,296.43,84,12,3.34,ES,1686679529
130,banska bystrica,48.5,19.5,285.77,91,53,1.69,SK,1686679530
131,ulaangom,49.9811,92.0667,288.0,37,35,0.9,MN,1686679530
132,whitehorse,60.7161,-135.0538,285.98,39,98,1.62,CA,1686679531
133,tomatlan,19.9333,-105.25,307.35,45,2,4.51,MX,1686679531
134,nagqu,31.5,92.0,278.16,82,100,2.03,CN,1686679508
135,jamestown,42.097,-79.2353,292.05,51,33,3.58,US,1686679252
136,doka,13.5167,35.7667,305.88,43,74,1.35,SD,1686679532
137,pedro betancourt,22.7272,-81.29,306.45,38,2,3.39,CU,1686679532
138,kalymnos,36.95,26.9833,294.89,73,20,3.09,GR,1686679533
139,jumla,29.2747,82.1838,287.78,87,72,0.3,NP,1686679533
140,aasiaat,68.7098,-52.8699,273.85,83,72,2.53,GL,1686679533
141,nemuro,43.3236,145.575,284.76,99,100,4.73,JP,1686679534
142,hermanus,-34.4187,19.2345,291.37,84,89,13.95,ZA,1686679534
143,lobujya,27.95,86.8167,273.26,96,89,2.08,NP,1686679534
144,tual,-5.6667,132.75,300.04,80,100,9.02,ID,1686679535
145,aral,40.5156,81.2636,304.13,13,39,3.52,CN,1686679535
146,port augusta,-32.5,137.7667,281.44,79,6,0.98,AU,1686679536
147,lincoln,40.8,-96.667,300.38,34,0,2.57,US,1686679536
148,laguna,38.421,-121.4238,298.32,61,0,4.12,US,1686679537
149,pacasmayo,-7.4006,-79.5714,297.31,69,66,7.19,PE,1686679249
150,fale old settlement,-9.3852,-171.2468,301.32,78,49,5.71,TK,1686679537
151,island harbour,50.724,-1.2758,299.19,73,4,4.24,GB,1686679538
152,santa rosalia,27.3167,-112.2833,300.67,27,91,3.19,MX,1686679538
153,at taj,24.2049,23.2857,306.49,18,0,7.16,LY,1686679303
154,tocopilla,-22.092,-70.1979,291.55,64,2,5.09,CL,1686679539
155,namtsy,62.7161,129.6658,277.82,97,100,3.52,RU,1686679540
156,ishigaki,24.3448,124.1572,299.55,91,100,7.93,JP,1686679540
157,margaret river,-33.95,115.0667,287.43,73,87,6.81,AU,1686679540
158,bulungu,-4.55,18.6,297.55,81,94,1.09,CD,1686679541
159,lebu,-37.6167,-73.65,285.28,59,88,4.92,CL,1686679541
160,colares,38.7992,-9.4469,295.7,67,40,8.05,PT,1686679542
161,ayvacik,39.6011,26.4047,293.84,71,56,3.98,TR,1686679542
162,alofi,-19.0595,-169.9187,295.98,75,96,6.29,NU,1686679542
163,taoudenni,22.6783,-3.9836,314.85,9,1,4.34,ML,1686679543
164,yabelo,4.8833,38.0833,290.75,69,94,1.57,ET,1686679543
165,chiang klang,19.2938,100.8617,297.27,98,93,1.05,TH,1686679544
166,piti village,13.4626,144.6933,300.64,89,20,3.6,GU,1686679545
167,atar,20.5169,-13.0499,313.24,10,8,5.08,MR,1686679545
168,mossel bay,-34.1831,22.146,289.79,62,100,11.17,ZA,1686679546
169,miyaly,48.8844,53.7836,301.96,24,92,6.53,KZ,1686679546
170,penalva,-3.2942,-45.1736,302.23,71,47,0.28,BR,1686679547
171,utrik,11.2278,169.8474,300.76,82,100,9.36,MH,1686679548
172,hammerfest,70.6634,23.6821,279.4,75,75,9.77,NO,1686679534
173,mineros,-17.1167,-63.2333,284.82,60,100,5.54,BO,1686679548
174,badger,64.8,-147.5333,286.08,67,40,2.57,US,1686679549
175,hithadhoo,-0.6,73.0833,301.75,77,33,3.37,MV,1686679549
176,bac kan,22.1333,105.8333,297.83,98,100,1.43,VN,1686679530
177,ola,59.5833,151.2833,280.26,90,100,0.4,RU,1686679550
178,prado,-17.3411,-39.2208,299.0,69,6,4.27,BR,1686679551
179,high rock,26.6208,-78.2833,303.16,72,91,4.47,BS,1686679552
180,laojunmiao,39.8333,97.7333,292.94,19,59,4.67,CN,1686679552
181,qaqortoq,60.7167,-46.0333,279.45,99,100,1.59,GL,1686679552
182,sakaiminato,35.55,133.2333,293.85,90,100,2.15,JP,1686679553
183,port blair,11.6667,92.75,300.99,85,94,7.5,IN,1686679553
184,mbandaka,0.0487,18.2603,295.97,90,59,0.58,CD,1686679553
185,namibe,-15.1961,12.1522,290.97,83,45,2.24,AO,1686679554
186,banda aceh,5.5577,95.3222,300.12,77,33,5.97,ID,1686679458
187,st. john's,47.5649,-52.7093,284.7,90,100,3.58,CA,1686679554
188,rongelap,11.1635,166.8941,300.86,80,100,9.24,MH,1686679555
189,noumea,-22.2763,166.4572,293.15,99,3,2.95,NC,1686679472
190,haiku-pauwela,20.9219,-156.3051,298.17,74,40,7.2,US,1686679556
191,puerto rico,-26.796,-55.024,281.94,57,100,1.54,AR,1686679414
192,walvis bay,-22.9575,14.5053,287.09,69,1,6.12,NA,1686679556
193,port mathurin,-19.6833,63.4167,298.11,76,8,9.26,MU,1686679557
194,mandiana,10.6333,-8.6833,302.85,61,100,0.88,GN,1686679557
195,egilsstadir,65.2653,-14.3948,291.53,45,57,5.35,IS,1686679557
196,bazarak,35.3129,69.5152,291.93,55,19,3.16,AF,1686679558
197,dudinka,69.4058,86.1778,278.4,79,100,4.69,RU,1686679558
198,red hill,33.9996,-79.2581,304.89,53,49,5.98,US,1686679558
199,quellon,-43.1167,-73.6167,280.29,87,100,2.06,CL,1686679450
200,brusyliv,50.2845,29.5263,288.25,79,100,1.81,UA,1686679560
201,soissons,49.3333,3.3333,299.49,66,9,2.04,FR,1686679560
202,saldanha,-33.0117,17.9442,287.99,87,100,9.83,ZA,1686679561
203,probolinggo,-7.7543,113.2159,297.87,79,69,4.68,ID,1686679561
204,abbadia san salvatore,42.8821,11.6695,289.09,88,99,0.84,IT,1686679561
205,porto novo,6.4965,2.6036,299.63,72,80,3.96,BJ,1686679562
206,onega,63.9061,38.1404,285.32,89,88,3.1,RU,1686679562
207,east london,-33.0153,27.9116,293.65,45,78,7.73,ZA,1686679265
208,kingston,17.997,-76.7936,308.84,54,29,0.89,JM,1686679502
209,queimadas,-10.9783,-39.6264,302.71,44,85,3.05,BR,1686679563
210,kununurra,-15.7667,128.7333,290.14,82,13,0.0,AU,1686679564
211,westport,41.1415,-73.3579,298.3,69,100,5.14,US,1686679564
212,harris hill,42.9648,-78.6775,294.0,46,20,4.63,US,1686679564
213,brookings,44.3114,-96.7984,300.42,37,0,5.66,US,1686679565
214,lisakovsk,52.5369,62.4936,286.07,47,22,4.22,KZ,1686679565
215,taulaga,-11.0553,-171.0883,300.67,81,19,4.61,AS,1686679566
216,hadibu,12.65,54.0333,301.37,77,100,7.51,YE,1686679567
217,lamu,-2.2717,40.902,298.27,82,0,4.84,KE,1686679567
218,saint-joseph,-21.3667,55.6167,295.36,77,7,1.75,RE,1686679568
219,jayapura,-2.5333,140.7,296.81,90,59,1.96,ID,1686679568
220,nogliki,51.8333,143.1667,277.0,99,100,2.23,RU,1686679569
221,sinabang,2.4803,96.3801,300.21,75,43,0.94,ID,1686679295
222,kavieng,-2.5744,150.7967,298.98,90,100,6.03,PG,1686679569
223,gubkinskiy,64.434,76.5026,281.78,52,99,4.64,RU,1686679340
224,dori,14.0354,-0.0345,309.33,31,25,1.78,BF,1686679570
225,gumdag,39.2061,54.5906,306.58,19,0,2.97,TM,1686679570
226,lodja,-3.4833,23.4333,297.72,70,56,0.14,CD,1686679571
227,mega,4.05,38.3,289.92,71,84,1.38,ET,1686679571
228,yeniseysk,58.4497,92.1703,280.76,78,90,2.33,RU,1686679571
229,yemetsk,63.4721,41.7941,292.19,42,64,4.93,RU,1686679572
230,arar,30.9753,41.0381,303.87,20,0,4.76,SA,1686679573
231,egletons,45.4034,2.0507,290.36,93,97,2.3,FR,1686679573
232,conception bay south,47.4999,-52.9981,284.57,88,100,6.2,CA,1686679573
233,tura,25.5198,90.2201,296.77,94,29,2.95,IN,1686679574
234,atamyrat,37.8357,65.2106,305.42,11,0,3.59,TM,1686679574
235,long beach,33.767,-118.1892,295.36,74,100,5.66,US,1686679574
236,pamandzi,-12.7967,45.2794,299.03,73,0,3.09,YT,1686679575
237,tazacorte,28.629,-17.9293,295.69,85,75,4.12,ES,1686679575
238,banlung,13.7468,107.0045,295.38,98,96,0.24,KH,1686679576
239,isla vista,34.4133,-119.861,298.7,66,100,3.09,US,1686679494
240,lira,2.235,32.9097,291.75,96,93,2.54,UG,1686679576
241,vadso,70.0744,29.7487,281.64,57,40,8.23,NO,1686679577
242,lake munmorah,-33.1936,151.5719,284.53,83,9,6.21,AU,1686679577
243,tarawa,1.419,172.984,301.2,83,40,1.03,KI,1686679577
244,roma,43.2128,-75.4557,294.23,56,100,3.09,US,1686679382
245,swakopmund,-22.6833,14.5333,287.58,84,7,1.79,NA,1686679315
246,mccook,40.2019,-100.6257,295.4,64,100,4.12,US,1686679578
247,salalah,17.0151,54.0924,301.95,83,89,4.4,OM,1686679579
248,tralee,52.2704,-9.7026,293.69,82,77,1.34,IE,1686679579
249,poyarkovo,49.6,128.6833,290.94,96,100,2.73,RU,1686679580
250,matane,48.8286,-67.522,294.75,55,0,3.34,CA,1686679580
251,bikenibeu village,1.3673,173.1241,301.13,83,40,1.03,KI,1686679581
252,portland,45.5234,-122.6762,295.16,65,75,1.54,US,1686679462
253,fort bragg,35.139,-79.006,301.23,45,20,2.57,US,1686679581
254,siyabuswa,-25.1132,29.0445,287.66,34,0,2.76,ZA,1686679582
255,kerikeri,-35.2268,173.9474,278.66,94,15,2.02,NZ,1686679582
256,udachny,66.4167,112.4,284.23,50,7,2.03,RU,1686679464
257,thompson,55.7435,-97.8558,285.05,47,100,3.51,CA,1686679583
258,la passe,45.5549,-0.8967,300.28,82,99,4.45,FR,1686679583
259,saipan,15.1355,145.701,300.73,100,20,4.12,MP,1686679583
260,lavington,-36.05,146.9333,281.33,100,85,3.58,AU,1686679584
261,douglas,41.3,-96.167,300.9,35,0,3.6,US,1686679312
262,broken hill,-31.95,141.4333,281.59,80,10,4.04,AU,1686679584
263,escalquens,43.5174,1.5589,295.99,81,91,3.52,FR,1686679585
264,korla,41.7597,86.1469,300.63,30,61,4.93,CN,1686679326
265,raigarh,21.9,83.4,306.55,42,67,6.41,IN,1686679342
266,mili,6.0815,171.735,301.01,79,93,6.71,MH,1686679586
267,murakami,38.2333,139.4833,291.79,95,100,1.31,JP,1686679586
268,pacific grove,36.6177,-121.9166,290.18,82,100,4.02,US,1686679587
269,rudnyy,52.9594,63.1206,287.28,50,6,3.86,KZ,1686679587
270,itaituba,-4.2761,-55.9836,308.79,36,17,2.31,BR,1686679587
271,severo-yeniseyskiy,60.3725,93.0408,276.76,96,91,1.57,RU,1686679398
272,fiambala,-27.6871,-67.6149,281.82,41,5,1.1,AR,1686679588
273,bamboo flat,11.7,92.7167,301.0,85,89,7.37,IN,1686679588
274,tsiombe,-25.3,45.4833,292.12,62,3,3.15,MG,1686679589
275,mandalgovi,45.7625,106.2708,289.58,65,52,6.88,MN,1686679589
276,kyabe,9.4515,18.9449,300.38,63,72,1.84,TD,1686679590
277,trenggalek,-8.05,111.7167,296.77,93,99,2.37,ID,1686679590
278,mirny,62.5353,113.9611,281.98,50,100,1.73,RU,1686679491
279,farafangana,-22.8167,47.8333,294.17,86,1,2.56,MG,1686679590
280,petrosino,37.7077,12.4999,298.07,69,100,2.07,IT,1686679591
281,el nido,11.1858,119.3956,300.85,79,100,1.15,PH,1686679591
282,kailua-kona,19.6406,-155.9956,301.13,76,0,5.14,US,1686679592
283,naze,28.3667,129.4833,295.87,90,100,3.36,JP,1686679592
284,atafu village,-8.5421,-172.5159,301.31,76,28,5.41,TK,1686679592
285,olonkinbyen,70.9221,-8.7187,276.02,89,34,12.11,SJ,1686679593
286,beli,7.8587,10.9719,297.96,88,98,0.84,NG,1686679593
287,murzuq,25.9155,13.9184,307.27,14,0,2.7,LY,1686679594
288,carnarvon,-24.8667,113.6333,289.75,39,0,7.75,AU,1686679594
289,yulinshi,38.2906,109.7494,295.06,21,0,1.49,CN,1686679594
290,lautoka,-17.6167,177.4667,293.07,94,20,2.06,FJ,1686679572
291,kirakira,-10.4544,161.9205,298.96,86,12,2.54,SB,1686679595
292,huatabampo,26.8333,-109.6333,307.58,18,100,4.67,MX,1686679595
293,derbent,42.0678,48.2899,296.67,78,57,3.42,RU,1686679310
294,illizi,26.4833,8.4667,313.56,6,33,6.66,DZ,1686679596
295,eldorado at santa fe,35.5264,-105.9347,297.25,20,0,4.12,US,1686679597
296,camiri,-20.05,-63.5167,286.39,43,92,3.87,BO,1686679597
297,khromtau,50.2503,58.4347,290.1,50,63,8.44,KZ,1686679376
298,nar'yan-mar,67.6713,53.087,281.94,63,99,5.83,RU,1686679598
299,cockburn town,21.4612,-71.1419,300.97,84,99,8.43,TC,1686679598
300,shingu,33.7333,135.9833,294.38,93,100,1.22,JP,1686679598
301,khovd,48.0056,91.6419,290.35,26,24,1.6,MN,1686679599
302,polyarnyy,69.1989,33.4478,281.0,63,99,9.52,RU,1686679599
303,khandud,36.9513,72.318,286.45,57,86,2.46,AF,1686679600
304,kittila,67.6647,24.8936,287.38,41,0,4.12,FI,1686679600
305,playas,-2.6333,-80.3833,299.87,77,71,5.03,EC,1686679601
306,livny,52.4253,37.6069,286.92,88,100,4.53,RU,1686679325
307,gadzhiyevo,69.2551,33.3362,280.83,63,98,9.87,RU,1686679602
308,zhangye,38.9342,100.4517,295.83,17,91,2.34,CN,1686679361
309,labytnangi,66.6572,66.4183,283.6,81,96,2.59,RU,1686679603
310,gotse delchev,41.5667,23.7333,289.64,89,93,0.39,BG,1686679311
311,rundu,-17.9333,19.7667,290.14,26,7,1.83,NA,1686679603
312,bangassou,4.7413,22.8184,295.79,79,99,0.77,CF,1686679604
313,cidreira,-30.1811,-50.2056,289.35,53,94,4.31,BR,1686679604
314,morehead city,34.7229,-76.726,300.37,75,20,4.63,US,1686679604
315,nacala,-14.5428,40.6728,295.42,73,2,2.31,MZ,1686679530
316,kil bhuvanagiri,11.4667,79.6333,303.55,67,91,7.68,IN,1686679605
317,markovo,57.3206,107.0881,281.33,65,82,1.69,RU,1686679605
318,kruisfontein,-34.0033,24.7314,290.31,69,100,4.15,ZA,1686679606
319,weno,7.4515,151.8468,302.12,79,75,2.57,FM,1686679606
320,hami,42.8,93.45,303.68,10,48,3.49,CN,1686679606
321,kyshtovka,56.555,76.6271,280.01,71,42,2.78,RU,1686679607
322,belmonte,-15.8631,-38.8828,298.52,78,18,3.48,BR,1686679607
323,rio san juan,19.6439,-70.0763,307.13,71,24,7.73,DO,1686679607
324,ngaoundere,7.3167,13.5833,292.3,96,96,1.48,CM,1686679608
325,dunedin,-45.8742,170.5036,279.71,90,68,1.88,NZ,1686679608
326,najran,17.4924,44.1277,304.23,18,89,2.83,SA,1686679441
327,dien bien phu,21.3833,103.0167,295.89,99,100,0.69,VN,1686679490
328,key largo,25.0865,-80.4473,305.15,68,10,4.9,US,1686679609
329,murghob,38.1702,73.9667,283.71,40,50,2.26,TJ,1686679610
330,ancud,-41.8697,-73.8203,280.41,77,99,1.35,CL,1686679610
331,tidjikja,18.5564,-11.4271,313.22,11,13,3.77,MR,1686679610
332,yuzawa,39.1667,140.5,290.84,98,100,0.21,JP,1686679611
333,vorkuta,67.5,64.0,283.27,92,89,5.93,RU,1686679551
334,augusto correa,-1.0217,-46.635,301.51,75,60,3.3,BR,1686679611
335,howard springs,-12.497,131.047,294.16,76,40,1.94,AU,1686679612
336,lichuan,30.3,108.85,288.6,90,100,0.55,CN,1686679612
337,fulton,33.7668,-84.4499,298.83,49,40,4.63,US,1686679319
338,menongue,-14.6585,17.691,289.76,30,8,1.87,AO,1686679613
339,kasane,-17.8167,25.15,290.17,29,1,2.91,BW,1686679614
340,lospalos,-8.5186,127.0025,292.79,82,95,2.4,TL,1686679614
341,hobyo,5.3505,48.5268,299.48,82,96,11.14,SO,1686679614
342,leava,-14.3,-178.1667,300.02,82,91,7.27,WF,1686679615
343,soreang,-7.0331,107.5183,294.4,94,58,1.03,ID,1686679615
344,arnage,47.9262,0.1878,301.22,36,0,5.14,FR,1686679348
345,warrenton,-28.114,24.8475,282.42,54,9,2.8,ZA,1686679616
346,ikalamavony,-21.15,46.5833,287.86,52,4,1.37,MG,1686679616
347,nizao,18.25,-70.2,306.19,59,2,6.27,DO,1686679619
348,val-d'or,48.1002,-77.7828,289.63,94,100,3.76,CA,1686679619
349,auki,-8.7676,160.7034,298.62,89,22,1.76,SB,1686679620
350,fuengirola,36.54,-4.6247,302.51,28,20,7.2,ES,1686679620
351,murray bridge,-35.1167,139.2667,284.33,73,13,3.62,AU,1686679498
352,carutapera,-1.195,-46.02,302.25,70,61,4.62,BR,1686679621
353,flying fish cove,-10.4217,105.6791,298.97,88,100,5.14,CX,1686679622
354,omutinskiy,56.4745,67.6709,282.21,56,19,3.57,RU,1686679417
355,puerto san jose,13.9256,-90.8244,303.55,72,100,2.97,GT,1686679622
356,nadym,65.5333,72.5167,282.52,70,88,2.95,RU,1686679623
357,qom,34.6401,50.8764,307.02,18,30,1.82,IR,1686679246
358,sao tome,0.3365,6.7273,299.16,80,84,3.86,ST,1686679623
359,al jawf,29.5,38.75,302.3,26,4,7.11,SA,1686679624
360,toamasina,-18.1667,49.3833,295.46,87,0,3.83,MG,1686679625
361,levuka,50.1834,-105.4011,301.02,28,93,2.48,CA,1686679625
362,kendari,-3.945,122.4989,296.22,95,99,1.33,ID,1686679626
363,ghanzi,-21.5667,21.7833,284.95,33,0,2.63,BW,1686679626
364,singkawang,0.9,109.0,299.02,79,97,0.67,ID,1686679626
365,tadine,-21.55,167.8833,292.6,68,0,4.09,NC,1686679627
366,craig,40.5153,-107.5464,286.94,67,100,0.0,US,1686679627
367,igarka,67.4667,86.5833,275.74,99,100,3.78,RU,1686679393
368,midvagur,62.0511,-7.1939,285.61,66,0,3.09,FO,1686679628
369,mainit,9.535,125.5231,298.94,85,90,1.16,PH,1686679628
370,matoury,4.8483,-52.3317,302.13,74,75,2.57,GF,1686679630
371,almeirim,-1.5233,-52.5817,304.6,57,20,1.72,BR,1686679630
372,teknaf,20.8624,92.3058,299.74,91,100,4.05,BD,1686679631
373,wamba,8.9333,8.6,298.24,81,100,1.05,NG,1686679631
374,gazojak,41.1875,61.4036,304.05,12,1,5.42,TM,1686679631
375,harper,4.375,-7.7169,299.44,68,45,3.69,LR,1686679632
376,touros,-5.1989,-35.4608,301.71,60,28,7.48,BR,1686679632
377,palikir - national government center,6.9248,158.1611,300.56,78,100,2.06,FM,1686679632
378,emerald,-23.5333,148.1667,289.6,61,69,1.55,AU,1686679633
379,mount gambier,-37.8333,140.7667,282.31,89,29,3.99,AU,1686679633
380,afaahiti,-17.75,-149.2833,298.08,80,80,11.23,PF,1686679634
381,dana point,33.467,-117.6981,295.05,80,90,2.68,US,1686679634
382,enriquillo,17.9,-71.2333,303.97,65,0,5.9,DO,1686679634
383,antanifotsy,-19.65,47.3167,283.04,68,7,1.32,MG,1686679635
384,selfoss,63.9331,-20.9971,289.29,67,68,4.11,IS,1686679635
385,malango,-2.9627,119.9001,293.2,99,100,0.33,ID,1686679636
386,tara,56.8944,74.371,279.97,64,60,1.4,RU,1686679373
387,i-n-salah,27.1935,2.4607,315.04,6,30,6.91,DZ,1686679636
388,ostersund,63.1792,14.6357,292.93,30,0,3.6,SE,1686679637
389,al lagowa,11.4,29.1333,298.37,66,98,4.98,SD,1686679637
390,cururupu,-1.8283,-44.8683,301.57,74,54,3.15,BR,1686679638
391,kayes,14.0,-11.0,310.33,30,100,2.19,ML,1686679638
392,thul,28.2403,68.7759,311.16,30,22,5.81,PK,1686679639
393,ghat,24.9647,10.1728,310.59,14,46,5.98,LY,1686679639
394,la sarre,48.8002,-79.1996,289.45,94,100,3.75,CA,1686679639
395,ishim,56.1128,69.4902,281.6,59,11,3.16,RU,1686679566
396,kodiak,57.79,-152.4072,282.88,57,0,2.57,US,1686679640
397,luena,-11.7833,19.9167,291.23,37,4,1.62,AO,1686679641
398,deir ez-zor,35.3359,40.1408,303.91,24,46,3.43,SY,1686679641
399,hadithah,34.1397,42.3781,305.0,24,21,2.81,IQ,1686679641
400,mahina,-17.5065,-149.489,299.02,69,75,1.54,PF,1686679642
401,wangjing,24.6,94.0333,294.48,94,14,0.24,IN,1686679642
402,moapa valley,36.5805,-114.4703,303.45,24,30,2.17,US,1686679643
403,christchurch,-43.5333,172.6333,278.68,89,22,0.51,NZ,1686679593
404,wladyslawowo,54.7909,18.4009,291.16,75,66,4.29,PL,1686679644
405,north bend,43.4065,-124.2243,291.99,94,100,4.12,US,1686679645
406,quartu sant'elena,39.2419,9.1839,301.52,71,0,4.12,IT,1686679645
407,taroa,8.7058,171.2275,301.14,79,92,7.62,MH,1686679645
408,sisimiut,66.9395,-53.6735,274.28,75,51,6.17,GL,1686679646
409,intendente alvear,-35.2338,-63.592,286.87,24,0,4.48,AR,1686679646
410,crane,31.3974,-102.3501,307.03,22,16,4.37,US,1686679647
411,happy valley-goose bay,53.3168,-60.3315,285.45,51,99,2.32,CA,1686679647
412,codrington,-38.2667,141.9667,283.2,88,47,4.94,AU,1686679647
413,barcelos,41.5388,-8.6151,296.44,69,44,4.88,PT,1686679648
414,leh,34.1667,77.5833,284.69,56,80,3.12,IN,1686679648
415,obock,12.25,43.0833,302.36,41,59,9.99,DJ,1686679649
416,alvaraes,-3.2208,-64.8042,298.08,73,45,2.27,BR,1686679649
417,vila velha,-20.3297,-40.2925,299.23,81,20,7.2,BR,1686679649
418,kristiansund,63.1115,7.732,294.18,72,0,1.03,NO,1686679650
419,puerto deseado,-47.7503,-65.8938,280.43,56,65,3.88,AR,1686679650
420,sungai penuh,-2.0833,101.3833,291.95,99,96,0.14,ID,1686679651
421,dzerzhinskoye,56.8344,95.2283,284.0,58,100,1.27,RU,1686679651
422,constitucion,-35.3333,-72.4167,286.13,47,55,1.67,CL,1686679651
423,gafsa,34.425,8.7842,303.15,35,2,9.21,TN,1686679638
424,ponta delgada,37.7333,-25.6667,294.55,88,40,4.12,PT,1686679470
425,karasburg,-28.0167,18.75,284.76,39,5,2.65,NA,1686679652
426,tucupita,9.0622,-62.051,304.25,62,68,3.9,VE,1686679653
427,mount pearl,47.5166,-52.7813,284.24,90,100,2.24,CA,1686679654
428,perieni,46.3,27.6167,289.72,72,100,3.45,RO,1686679654
429,minas de marcona,-15.2119,-75.1103,289.73,66,76,8.41,PE,1686679654
430,sharjah,25.3573,55.4033,309.14,46,0,3.09,AE,1686679515
431,whakatane,-37.9585,176.9854,279.14,81,2,3.6,NZ,1686679656
432,kibaya,-5.3,36.5667,289.64,77,89,2.21,TZ,1686679657
433,jiangzi,28.95,89.6333,282.68,48,68,3.08,CN,1686679657
434,ulanhot,46.0833,122.0833,294.28,48,87,5.2,CN,1686679657
435,trincomalee,8.5711,81.2335,301.32,74,100,9.55,LK,1686679658
436,la villa del rosario,10.3258,-72.3134,306.75,54,97,0.6,VE,1686679658
437,nanga eboko,4.6833,12.3667,294.67,97,81,0.9,CM,1686679659
438,sitka,57.0531,-135.33,283.09,87,100,2.06,US,1686679659
439,floro,61.5996,5.0328,297.17,42,0,3.09,NO,1686679660
440,carmaux,44.051,2.158,294.99,67,78,2.0,FR,1686679661
441,nkhotakota,-12.9274,34.2961,294.85,72,0,1.68,MW,1686679661
442,puerto leguizamo,-0.1934,-74.7819,305.97,52,21,0.34,CO,1686679662
443,cabedelo,-6.9811,-34.8339,302.52,74,9,5.88,BR,1686679662
444,newman,37.3138,-121.0208,299.34,10,82,0.62,US,1686679662
445,chhabra,24.6667,76.8333,308.87,28,7,4.05,IN,1686679663
446,vilyuchinsk,52.9306,158.4028,284.55,75,16,3.75,RU,1686679663
447,mahajanga,-15.7167,46.3167,297.96,72,9,2.32,MG,1686679663
448,kitama,-10.7167,39.7333,292.27,94,1,1.35,TZ,1686679664
449,sechura,-5.5569,-80.8222,300.59,56,57,5.82,PE,1686679435
450,tutoia,-2.7619,-42.2744,302.32,68,41,4.91,BR,1686679665
451,novyy urengoy,66.0833,76.6333,280.02,45,76,1.06,RU,1686679665
452,lubango,-14.9172,13.4925,287.07,50,38,1.92,AO,1686679665
453,zhengzhou,34.7578,113.6486,300.55,28,1,1.3,CN,1686679384
454,general roca,-39.0333,-67.5833,287.87,14,71,5.92,AR,1686679666
455,fort st. john,56.2499,-120.8529,288.65,68,100,0.26,CA,1686679666
456,port macquarie,-31.4333,152.9167,281.98,83,3,3.16,AU,1686679560
457,tolanaro,-25.0319,46.9987,292.28,70,0,3.15,MG,1686679667
458,kotlas,61.2611,46.6556,288.41,66,75,3.26,RU,1686679667
459,lorengau,-2.0226,147.2712,300.02,79,97,0.59,PG,1686679668
460,vrnograc,45.1636,15.9536,292.86,82,60,2.15,BA,1686679668
461,fort-shevchenko,44.5086,50.263,300.78,43,7,1.57,KZ,1686679669
462,liwale,-9.7667,37.9333,293.72,68,36,0.45,TZ,1686679388
463,kashgar,39.4547,75.9797,300.21,24,100,4.92,CN,1686679669
464,antsiranana,-12.2787,49.2917,295.69,89,28,3.25,MG,1686679670
465,atasu,48.6814,71.6433,288.39,61,17,9.77,KZ,1686679670
466,torghay,49.6339,63.4981,291.37,47,63,9.38,KZ,1686679670
467,kuanda,56.3161,116.0806,278.81,75,3,0.75,RU,1686679671
468,orimattila,60.8049,25.7296,294.43,37,72,2.12,FI,1686679378
469,lazaro cardenas,17.9583,-102.2,304.39,57,8,4.19,MX,1686679672
470,concordia,-31.393,-58.0209,285.81,48,62,3.58,AR,1686679672
471,jutai,-5.1833,-68.9,301.69,80,66,1.44,BR,1686679672
472,ploudalmezeau,48.5333,-4.65,292.29,82,100,5.14,FR,1686679673
473,santa elena de uairen,4.6167,-61.1333,299.04,68,65,4.66,VE,1686679673
474,beau vallon,-20.4189,57.6953,296.6,77,5,4.21,MU,1686679673
475,yuzhno-sakhalinsk,46.9581,142.7337,286.47,99,100,0.58,RU,1686679457
476,twentynine palms,34.1356,-116.0542,302.07,29,0,1.04,US,1686679674
477,papao,-17.75,-149.55,298.97,79,43,11.56,PF,1686679675
478,klamath falls,42.2249,-121.7817,297.57,51,0,5.66,US,1686679675
479,muynoq,43.7683,59.0214,297.1,51,0,6.14,UZ,1686679676
480,carauari,-4.8828,-66.8958,301.76,83,73,1.63,BR,1686679676
481,kuching,1.55,110.3333,300.27,89,40,0.0,MY,1686679615
482,bathsheba,13.2167,-59.5167,302.94,67,17,7.94,BB,1686679677
483,candaba,15.15,120.85,299.1,90,100,1.67,PH,1686679678
484,crucecita,-28.95,-58.9833,287.11,35,99,3.92,AR,1686679678
485,bridgewater,44.3835,-64.5155,298.21,64,98,2.24,CA,1686679629
486,rikaze,29.25,88.8833,288.33,38,91,2.76,CN,1686679679
487,shush,32.1942,48.2436,311.14,14,0,7.7,IR,1686679680
488,puerto cabezas,14.0351,-83.3888,303.82,70,30,5.45,NI,1686679681
489,wenchang,30.904,118.4887,293.81,87,100,0.95,CN,1686679439
490,el porvenir,13.7617,-87.3458,303.78,58,86,1.08,HN,1686679683
491,lompoc,34.6391,-120.4579,296.4,76,23,1.34,US,1686679683
492,vila do maio,15.1333,-23.2167,300.59,83,25,5.82,CV,1686679449
493,saint david's,12.0333,-61.6667,301.59,77,11,7.8,GD,1686679684
494,kirensk,57.7853,108.1119,281.82,64,91,1.44,RU,1686679684
495,alice springs,-23.7,133.8833,274.9,80,0,0.0,AU,1686679685
496,banjarmasin,-3.3244,114.591,299.23,89,100,1.21,ID,1686679685
497,ontario,34.0633,-117.6509,298.45,70,100,2.06,US,1686679686
498,sinop,41.7711,34.8709,288.23,97,85,0.49,TR,1686679686
499,sudzha,51.1976,35.2726,287.44,90,94,4.52,RU,1686679523
500,nema,57.5067,50.5011,284.96,77,2,1.53,RU,1686679687
501,egyek,47.6333,20.9,290.36,79,56,1.92,HU,1686679687
502,koungou,-12.7336,45.2042,298.99,73,0,3.09,YT,1686679688
503,ain sukhna,29.6002,32.3167,301.59,49,31,5.11,EG,1686679536
504,byaroza,52.5314,24.9786,286.62,79,93,1.75,BY,1686679688
505,wickenburg,33.9686,-112.7296,302.69,22,0,3.75,US,1686679689
506,siocon,7.7061,122.1353,299.25,85,100,1.09,PH,1686679690
507,khanty-mansiysk,61.0042,69.0019,289.21,51,0,5.0,RU,1686679691
508,upata,8.0086,-62.3989,304.92,51,51,3.53,VE,1686679691
509,umm kaddadah,13.6017,26.6876,308.7,28,33,3.5,SD,1686679691
510,tagiura,32.8817,13.3506,298.99,57,4,7.59,LY,1686679692
511,necochea,-38.5473,-58.7368,285.32,40,2,5.36,AR,1686679555
512,daru,-9.0763,143.2092,298.15,90,89,6.05,PG,1686679692
513,buta,2.7858,24.73,294.93,98,100,0.28,CD,1686679693
514,eforie sud,44.0229,28.6494,293.6,76,63,5.25,RO,1686679693
515,manta,-0.95,-80.7333,299.82,89,76,8.05,EC,1686679693
516,wellington,-41.2866,174.7756,283.18,95,100,5.14,NZ,1686679694
517,alta,69.9689,23.2717,281.74,61,20,5.14,NO,1686679411
518,gornopravdinsk,60.05,69.9,284.89,76,80,2.94,RU,1686679541
519,inhambane,-23.865,35.3833,293.59,80,0,3.26,MZ,1686679695
520,arraial do cabo,-22.9661,-42.0278,298.07,78,40,2.57,BR,1686679695
521,chagoda,59.164,35.3285,289.34,58,5,2.19,RU,1686679695
522,camrose,53.0168,-112.8353,300.32,45,99,6.58,CA,1686679696
523,goundam,16.4145,-3.6708,311.02,25,90,2.54,ML,1686679696
524,sao miguel do tapuio,-5.5036,-41.3233,309.1,26,3,4.18,BR,1686679696
525,moussoro,13.6408,16.4901,306.08,38,99,3.26,TD,1686679697
526,zhezqazghan,47.7833,67.7667,296.38,40,5,10.25,KZ,1686679697
527,liberal,37.0431,-100.921,292.23,82,100,2.06,US,1686679698
528,durban,-29.8579,31.0292,291.72,67,1,2.23,ZA,1686679630
529,benemerito de las americas,16.5167,-90.6439,311.9,30,20,1.49,MX,1686679698
530,manay,7.215,126.5397,298.32,84,100,2.4,PH,1686679699
531,zaozersk,69.4005,32.4476,280.59,62,100,9.96,RU,1686679699
532,kosh-agach,50.0,88.6667,286.02,41,48,2.06,RU,1686679699
533,huarmey,-10.0681,-78.1522,297.15,64,23,6.13,PE,1686679700
534,errachidia,31.9275,-4.4285,305.5,20,18,2.51,MA,1686679700
535,fang,19.9169,99.2145,295.89,99,87,0.68,TH,1686679701
536,manadhoo,5.7667,73.3833,301.99,82,100,7.12,MV,1686679701
537,jose maria morelos,23.3952,-103.8984,303.84,17,22,2.36,MX,1686679701
538,swift current,50.2834,-107.8014,300.69,27,3,4.65,CA,1686679440
539,aniva,46.7144,142.5294,284.88,99,100,0.02,RU,1686679702
540,olmaliq,40.8447,69.5983,299.4,38,81,1.91,UZ,1686679702
541,saguenay,48.4168,-71.0657,302.64,39,43,4.92,CA,1686679703
542,akureyri,65.6835,-18.0878,292.11,38,40,1.48,IS,1686679703
543,rexburg,43.826,-111.7897,291.23,63,40,3.6,US,1686679704
544,vila franca do campo,37.7167,-25.4333,294.38,79,38,4.01,PT,1686679704
545,altay,47.8667,88.1167,290.38,55,28,1.92,CN,1686679704
546,la'ie,21.6477,-157.9253,300.13,86,29,0.45,US,1686679705
547,new norfolk,-42.7826,147.0587,280.87,87,91,1.28,AU,1686679705
548,mejit,10.2753,170.8646,301.2,80,97,9.23,MH,1686679705
549,kragujevac,44.0167,20.9167,293.31,93,27,1.58,RS,1686679201
550,jeremoabo,-10.075,-38.4808,303.03,39,20,5.83,BR,1686679706
551,borujen,31.9652,51.2873,295.75,20,1,1.74,IR,1686679707
552,sao felix do xingu,-6.6447,-51.995,306.69,38,4,3.04,BR,1686679707
553,masterton,-40.9597,175.6575,279.52,95,78,1.43,NZ,1686679488
554,puerto rosario,-24.45,-57.0833,285.12,45,100,3.49,PY,1686679708
555,wotton-under-edge,51.6324,-2.3451,300.82,71,6,5.79,GB,1686679708
556,frontera,26.9333,-101.45,311.66,30,0,2.57,MX,1686679709
557,cole harbour,44.6724,-63.4751,299.92,57,86,4.02,CA,1686679709
558,uturoa,-16.7333,-151.4333,300.39,74,31,9.06,PF,1686679710
559,mitu,1.1983,-70.1733,304.35,59,70,0.52,CO,1686679710
560,shizuishan,39.2333,106.7694,296.08,14,0,1.71,CN,1686679710
561,gorontalo,0.5412,123.0595,297.67,92,99,1.08,ID,1686679711
562,planaltina,-15.4528,-47.6142,299.75,36,42,2.03,BR,1686679711
563,kolonia town,6.964,158.206,301.15,78,100,2.06,FM,1686679711
564,plettenberg bay,-34.0527,23.3716,288.22,70,100,3.68,ZA,1686679712
565,lauro de freitas,-12.8944,-38.3272,301.16,74,75,5.14,BR,1686679558
566,jiran,24.3167,74.8833,303.63,54,10,9.04,IN,1686679712
567,shimoda,34.6667,138.95,295.43,94,100,5.43,JP,1686679713
568,whistler,50.1164,-122.9695,289.01,65,100,4.07,CA,1686679713
569,kodinsk,58.6881,99.1844,283.05,77,100,0.97,RU,1686679466
570,lianzhou,24.7811,112.3825,295.43,94,100,1.27,CN,1686679714
